Sign in, 2022-04-28 19:57:05.320823
Sign in, 2022-04-28 20:01:19.899095
Sign up as a, 2022-04-28 20:28:38.413212
Sign up as a, 2022-04-28 20:30:51.399581
Sign up as a, 2022-04-28 20:33:43.199161
Sign up as a, 2022-04-28 20:34:24.776473
Sign up as a, 2022-04-28 20:34:58.296776
Sign in as a, 2022-04-28 20:35:57.089998
Sign in as admin@gmail.com, 2022-04-28 21:42:52.920512
Add a library, 2022-04-28 21:42:56.540618
Add book, 2022-04-28 21:43:07.262636
Sign in as admin@gmail.com, 2022-04-28 21:43:35.558791
Add a library, 2022-04-28 21:43:37.448445
Add offer, 2022-04-28 21:43:43.084072
Add book, 2022-04-28 21:43:52.860856
List libraries, 2022-04-28 21:44:10.44676
List one library, 2022-04-28 21:44:14.475551
Sign in as admin@gmail.com, 2022-04-28 21:48:53.737181
Add a library, 2022-04-28 21:48:55.572001
Add book, 2022-04-28 21:49:01.006484
Sign in as admin@gmail.com, 2022-04-28 21:57:54.813677
Add a library, 2022-04-28 21:57:57.403855
List one library, 2022-04-28 21:58:19.76484
List libraries, 2022-04-28 21:58:43.898933
Sign in as admin@gmail.com, 2022-04-28 22:05:29.584828
Add a library, 2022-04-28 22:05:31.114223
Add a library, 2022-04-28 22:05:36.198688
Sign out, 2022-04-28 22:05:43.868898
Sign in as andreeag@gmail.com, 2022-04-28 22:05:54.427773
List libraries, 2022-04-28 22:05:58.304342
Add order, 2022-04-28 22:06:05.156734
Sign in as admin@gmail.com, 2022-04-28 23:53:07.653153
Add a library, 2022-04-28 23:53:10.360625
Add a library, 2022-04-28 23:53:30.255879
Add a library, 2022-04-28 23:54:06.858374
Add offer, 2022-04-28 23:54:33.325886
List one library, 2022-04-28 23:55:08.375544
Sign out, 2022-04-28 23:55:49.68925
Sign in as andreeag@gmail.com, 2022-04-28 23:55:59.985656
Add order, 2022-04-28 23:56:03.566793
Sign in as admin@gmail.com, 2022-04-29 00:00:15.344095
Add a library, 2022-04-29 00:00:35.572913
Add offer, 2022-04-29 00:01:02.603482
Sign out, 2022-04-29 00:01:44.517416
Sign in as andreeag@gmail.com, 2022-04-29 00:01:56.104826
Add order, 2022-04-29 00:01:58.898627
Sign in as admin@gmail.com, 2022-04-29 00:03:33.696903
Add a library, 2022-04-29 00:03:35.604701
Add offer, 2022-04-29 00:03:45.515254
Sign out, 2022-04-29 00:04:02.632755
Sign in as andreeag@gmail.com, 2022-04-29 00:04:11.158587
Add order, 2022-04-29 00:04:13.84623
Sign in as admin@gmail.com, 2022-04-29 00:05:34.282793
Add a library, 2022-04-29 00:05:37.05286
Add offer, 2022-04-29 00:05:49.592241
Sign out, 2022-04-29 00:06:04.157542
Sign in as andreeag@gmail.com, 2022-04-29 00:06:14.086414
Add order, 2022-04-29 00:06:17.930149
Sign in as admin@gmail.com, 2022-04-29 00:27:33.385324
Add a library, 2022-04-29 00:27:35.93877
Add book, 2022-04-29 00:27:44.446157
Sign in as admin@gmail.com, 2022-04-29 00:28:38.039849
Add a library, 2022-04-29 00:28:39.959841
Add book, 2022-04-29 00:28:48.009882
Sign in as admin@gmail.com, 2022-04-29 00:38:12.241493
Add a library, 2022-04-29 00:38:14.644361
Add book, 2022-04-29 00:38:30.545017
Sign in as admin@gmail.com, 2022-04-29 00:43:13.677784
Add a library, 2022-04-29 00:43:15.432591
Add book, 2022-04-29 00:43:24.536108
Sign in as admin@gmail.com, 2022-04-29 00:44:15.630213
Add a library, 2022-04-29 00:44:17.378398
Add book, 2022-04-29 00:44:24.154118
Sign in as admin@gmail.com, 2022-04-29 00:47:41.028102
Add a library, 2022-04-29 00:47:42.656158
Add book, 2022-04-29 00:47:48.575431
Sign in as admin@gmail.com, 2022-04-29 00:49:01.95478
Add a library, 2022-04-29 00:49:03.990503
Add book, 2022-04-29 00:49:08.794737
Sign in as admin@gmail.com, 2022-04-29 00:50:19.723935
Add a library, 2022-04-29 00:50:21.140591
Add book, 2022-04-29 00:50:28.632625
Sign in as admin@gmail.com, 2022-04-29 00:51:34.219784
Add a library, 2022-04-29 00:51:38.843463
Add book, 2022-04-29 00:51:52.30205
Sign in as admin@gmail.com, 2022-04-29 00:52:43.843657
Add a library, 2022-04-29 00:52:45.772715
Add book, 2022-04-29 00:52:50.649855
Sign in as admin@gmail.com, 2022-04-29 01:47:04.2367
Add a library, 2022-04-29 01:47:07.036199
Sign in as admin@gmail.com, 2022-04-29 02:30:39.260766
Add book, 2022-04-29 02:30:46.908559
Add book, 2022-04-29 02:31:10.732568
Add book, 2022-04-29 02:31:22.097106
Add a library, 2022-04-29 02:31:47.959687
Sign in as admin@gmail.com, 2022-04-29 02:42:31.333689
Add a library, 2022-04-29 02:42:32.814546
List libraries, 2022-04-29 02:42:52.31667
Sign in as admin@gmail.com, 2022-04-29 02:45:55.373946
Add a library, 2022-04-29 02:45:56.791787
List libraries, 2022-04-29 02:46:09.030299
Add a library, 2022-04-29 02:46:12.375175
List one library, 2022-04-29 02:46:34.823824
Add a library, 2022-04-29 02:46:41.955939
Sign in as admin@gmail.com, 2022-04-29 02:56:07.306194
Add a library, 2022-04-29 02:56:09.342063
Add a library, 2022-04-29 02:56:24.615487
Add book, 2022-04-29 02:57:50.616676
Add book, 2022-04-29 02:58:46.139537
Add offer, 2022-04-29 02:58:59.248154
Sign out, 2022-04-29 02:59:26.460761
Sign in as a, 2022-04-29 02:59:31.00384
List libraries, 2022-04-29 02:59:33.900123
Rate a library, 2022-04-29 02:59:40.304293
Sign in as admin@gmail.com, 2022-04-29 03:03:29.302404
Add a library, 2022-04-29 03:03:30.993578
Add a library, 2022-04-29 03:04:02.243701
Add offer, 2022-04-29 03:04:22.715195
Sign out, 2022-04-29 03:04:41.090095
Sign in as a, 2022-04-29 03:04:45.068354
Rate a library, 2022-04-29 03:04:47.509356
Sign in as admin@gmail.com, 2022-04-29 03:08:36.281019
Add a library, 2022-04-29 03:08:38.581167
Sign out, 2022-04-29 03:08:55.048199
Sign in as a, 2022-04-29 03:08:57.554669
Rate a library, 2022-04-29 03:09:00.235085
Sign in as admin@gmail.com, 2022-04-29 03:10:19.97988
Add a library, 2022-04-29 03:10:22.206528
Sign out, 2022-04-29 03:10:41.268473
Sign in as a, 2022-04-29 03:10:44.124651
Rate a library, 2022-04-29 03:10:46.237725
Sign in as admin@gmail.com, 2022-04-29 03:12:33.680744
Add a library, 2022-04-29 03:12:35.407529
Sign out, 2022-04-29 03:12:47.060555
Sign in as a, 2022-04-29 03:12:49.21648
Rate a library, 2022-04-29 03:12:50.742811
Sign in as admin@gmail.com, 2022-04-29 03:16:56.92605
Remove library, 2022-04-29 03:16:58.409002
Sign in as admin@gmail.com, 2022-04-29 03:18:25.029555
Add a library, 2022-04-29 03:18:26.73014
Add offer, 2022-04-29 03:18:39.151969
Sign out, 2022-04-29 03:19:04.453109
Sign in as a, 2022-04-29 03:19:08.92325
Rate a library, 2022-04-29 03:19:12.309534
Print sorted libraries, 2022-04-29 03:19:30.457682
Add order, 2022-04-29 03:19:42.320703
Sign in as admin@gmail.com, 2022-04-29 03:48:15.525309
Add a library, 2022-04-29 03:48:17.641446
Sign in as admin@gmail.com, 2022-04-29 03:48:52.269166
Add a library, 2022-04-29 03:48:53.873334
Sign in as admin@gmail.com, 2022-04-29 03:49:57.909318
Add a library, 2022-04-29 03:49:59.079774
Sign out, 2022-04-29 03:50:30.74937
Sign in as a, 2022-04-29 03:50:33.145052
Add order, 2022-04-29 03:50:35.938044
Sign in as admin@gmail.com, 2022-04-29 03:53:59.330567
Add a library, 2022-04-29 03:54:01.380894
Sign out, 2022-04-29 03:54:23.479073
Sign in as a, 2022-04-29 03:54:25.884964
Add order, 2022-04-29 03:54:26.705778
Cancel order, 2022-04-29 03:57:42.132692
Sign in as admin@gmail.com, 2022-04-29 16:01:55.332642
Add a library, 2022-04-29 16:01:57.207787
Add book, 2022-04-29 16:02:08.071436
Sign in as admin@gmail.com, 2022-04-29 16:12:10.159923
Add book, 2022-04-29 16:12:10.861623
Sign in as admin@gmail.com, 2022-04-29 17:01:44.537544
Add a library, 2022-04-29 17:01:50.580364
Add a library, 2022-04-29 17:02:08.138469
Add a library, 2022-04-29 17:03:30.024545
Add book, 2022-04-29 17:04:04.068581
Add book to library, 2022-04-29 17:04:25.462676
Remove book, 2022-04-29 17:04:42.691819
Add offer, 2022-04-29 17:05:43.735467
List libraries, 2022-04-29 17:06:29.393653
List one library, 2022-04-29 17:06:31.791811
Sign out, 2022-04-29 17:06:36.627183
Sign in as a, 2022-04-29 17:06:40.174348
Rate a library, 2022-04-29 17:06:46.407109
Rate a library, 2022-04-29 17:06:55.624756
Print sorted libraries, 2022-04-29 17:07:10.973673
Add order, 2022-04-29 17:07:23.597343
Sign in as admin@gmail.com, 2022-04-29 17:14:08.826382
Add a library, 2022-04-29 17:14:10.120552
Add a library, 2022-04-29 17:14:16.642515
Add a library, 2022-04-29 17:14:39.762267
Sign out, 2022-04-29 17:15:08.986325
Sign in as a, 2022-04-29 17:15:11.305901
Add order, 2022-04-29 17:15:13.220065
Add order, 2022-04-29 17:15:33.170652
Add order, 2022-04-29 17:16:08.417349
Cancel order, 2022-04-29 17:16:41.788285
